{
 "name": "2019 Regionals",
 "regions": [
  {
   "name": "Blue Ridge Region",
   "xid": "au95ir97",
   "schools": [
    {
     "name": "Auburn HS",
     "xid": "oz49gy59"
    },
    {
     "name": "Bassett HS",
     "xid": "so73hi87"
    },
    {
     "name": "Bath County HS",
     "xid": "he97dj82"
    },
    {
     "name": "Blacksburg HS",
     "xid": "lo40jn96"
    },
    {
     "name": "Burton Center for Arts and Technology",
     "xid": "kh31yg53"
    },
    {
     "name": "Christiansburg HS",
     "xid": "ez37bj23"
    },
    {
     "name": "Floyd County HS",
     "xid": "oj72kp09"
    },
    {
     "name": "Franklin County HS",
     "xid": "cp96uh73"
    },
    {
     "name": "Glenvar HS",
     "xid": "ph84kb92"
    },
    {
     "name": "Magna Vista HS",
     "xid": "lr92ed47"
    },
    {
     "name": "Martinsville HS",
     "xid": "eu84rq38"
    },
    {
     "name": "Patrick Henry HS",
     "xid": "je53ou67",
     "town": "Roanoke"
    },
    {
     "name": "Salem HS",
     "xid": "lq90tq56",
     "town": "Salem"
    },
    {
     "name": "William Fleming HS",
     "xid": "pr57ez30"
    }
   ]
  },
  {
   "name": "Capital Region",
   "xid": "tj50fy56",
   "schools": [
    {
     "name": "Armstrong HS",
     "xid": "tn61gl34"
    },
    {
     "name": "Douglas S Freeman HS",
     "xid": "vk08mf92"
    },
    {
     "name": "Fluvanna County HS",
     "xid": "qk24gx41"
    },
    {
     "name": "George Wythe HS",
     "xid": "gz83st08",
     "town": "Richmond"
    },
    {
     "name": "Glen Allen HS",
     "xid": "bt45gl34"
    },
    {
     "name": "Hermitage HS",
     "xid": "iy91we02"
    },
    {
     "name": "Hermitage TC",
     "xid": "lg90ti78"
    },
    {
     "name": "Highland Springs HS",
     "xid": "ma19kf07"
    },
    {
     "name": "Huguenot HS",
     "xid": "pk78lv64"
    },
    {
     "name": "John Marshall HS",
     "xid": "nb69we02"
    },
    {
     "name": "Middlesex HS",
     "xid": "xr92ma91"
    },
    {
     "name": "Mills E Godwin HS",
     "xid": "lb01bp87"
    },
    {
     "name": "New Kent HS",
     "xid": "jd03iv90"
    },
    {
     "name": "Richmond Community HS",
     "xid": "uy58jx68"
    },
    {
     "name": "Thomas Jefferson HS",
     "xid": "ck35na43"
    },
    {
     "name": "West Point HS",
     "xid": "io52sv29"
    }
   ]
  },
  {
   "name": "Colonial Region",
   "xid": "mo19so84",
   "schools": [
    {
     "name": "Bruton HS",
     "xid": "lj39bc24"
    },
    {
     "name": "Gloucester HS",
     "xid": "aw38hr40"
    },
    {
     "name": "Grafton HS",
     "xid": "jt27tl16"
    },
    {
     "name": "Heritage HS",
     "xid": "in74zr23",
     "town": "Newport News"
    },
    {
     "name": "Jamestown HS",
     "xid": "qj35tp90"
    },
    {
     "name": "Kecoughtan HS",
     "xid": "ml72wj76"
    },
    {
     "name": "Lafayette HS",
     "xid": "wb47qw23"
    },
    {
     "name": "Menchville HS",
     "xid": "va78vg57"
    },
    {
     "name": "Southampton HS",
     "xid": "qb93uc40"
    },
    {
     "name": "Tabb HS",
     "xid": "ze86yk57"
    },
    {
     "name": "Warwick HS",
     "xid": "sq15wb74"
    },
    {
     "name": "York HS",
     "xid": "jk53yr42"
    }
   ]
  },
  {
   "name": "Germanna Region",
   "xid": "no09mf32",
   "schools": [
    {
     "name": "Battlefield HS",
     "xid": "xq48st36"
    },
    {
     "name": "Brentsville District HS",
     "xid": "mj26xq67"
    },
    {
     "name": "C D Hylton HS",
     "xid": "vz35rt36"
    },
    {
     "name": "Chancellor HS",
     "xid": "oc74pr26"
    },
    {
     "name": "Charles Colgan Sr HS",
     "xid": "zo21hf06"
    },
    {
     "name": "Colonial Forge HS",
     "xid": "jf69ma62"
    },
    {
     "name": "Fauquier HS",
     "xid": "hc24vz67"
    },
    {
     "name": "Forest Park HS",
     "xid": "fk48sf51"
    },
    {
     "name": "Freedom HS",
     "xid": "kg21lb76",
     "town": "Woodbridge"
    },
    {
     "name": "Highland HS",
     "xid": "mo76ib24"
    },
    {
     "name": "James Monroe HS",
     "xid": "hx21di92"
    },
    {
     "name": "Kettle Run HS",
     "xid": "em51ul15"
    },
    {
     "name": "Liberty HS",
     "xid": "yl83ri62",
     "town": "Bealeton"
    },
    {
     "name": "Manassas Park HS",
     "xid": "la28zv49"
    },
    {
     "name": "Massaponax HS",
     "xid": "qr97gj53"
    },
    {
     "name": "North Stafford HS",
     "xid": "uz42ha61"
    },
    {
     "name": "Osbourn HS",
     "xid": "dm05hi87"
    },
    {
     "name": "Patriot HS",
     "xid": "nb30mw79"
    },
    {
     "name": "Potomac HS",
     "xid": "ni97fb76"
    },
    {
     "name": "Riverbend HS",
     "xid": "ri93xv84"
    },
    {
     "name": "Spotsylvania HS",
     "xid": "wf16sd28"
    },
    {
     "name": "Stonewall Jackson HS",
     "xid": "te37fp73",
     "town": "Manassas"
    }
   ]
  },
  {
   "name": "Longwood Region",
   "xid": "wz60js38",
   "schools": [
    {
     "name": "Altavista HS",
     "xid": "zw41ac76"
    },
    {
     "name": "Amelia County HS",
     "xid": "en01fz28"
    },
    {
     "name": "Appomattox County HS",
     "xid": "ex02ir81"
    },
    {
     "name": "Bluestone HS",
     "xid": "ku70tj67"
    },
    {
     "name": "Brunswick Senior HS",
     "xid": "kx06ri52"
    },
    {
     "name": "Buckingham HS",
     "xid": "ra26ai42"
    },
    {
     "name": "Dan River HS",
     "xid": "kf97fj30"
    },
    {
     "name": "Gretna HS",
     "xid": "lb30ax87"
    },
    {
     "name": "Nottoway HS",
     "xid": "yz48eh31"
    },
    {
     "name": "Parkview HS",
     "xid": "vm08yr45",
     "town": "South Hills"
    },
    {
     "name": "Powhatan HS",
     "xid": "fv95ib90"
    },
    {
     "name": "Prince Edward County HS",
     "xid": "fc16qv56"
    },
    {
     "name": "Randolph-Henry HS",
     "xid": "ji63le12"
    },
    {
     "name": "Rockbridge County HS",
     "xid": "we35ke97"
    },
    {
     "name": "Tunstall HS",
     "xid": "ht53um40"
    }
   ]
  },
  {
   "name": "New River Region",
   "xid": "zr71fe01",
   "schools": [
    {
     "name": "Abingdon HS",
     "xid": "qc72ud25"
    },
    {
     "name": "Bland HS",
     "xid": "yz95xs59"
    },
    {
     "name": "Carroll County HS",
     "xid": "nh18no41"
    },
    {
     "name": "Fort Chiswell HS",
     "xid": "ny98xd83"
    },
    {
     "name": "Galax HS",
     "xid": "zj14nf09"
    },
    {
     "name": "George Wythe HS",
     "xid": "tb82hb71",
     "town": "Wytheville"
    },
    {
     "name": "Giles HS",
     "xid": "gb57ya04"
    },
    {
     "name": "Graham HS",
     "xid": "lg54wo72"
    },
    {
     "name": "Grayson County CATE Center",
     "xid": "us79kv60"
    },
    {
     "name": "Holston HS",
     "xid": "zk19xr78"
    },
    {
     "name": "John S Battle HS",
     "xid": "jb45uj75"
    },
    {
     "name": "Marion Senior HS",
     "xid": "ox85ux63"
    },
    {
     "name": "Narrows HS",
     "xid": "pb90pi45"
    },
    {
     "name": "Northwood HS",
     "xid": "pa74qz42"
    },
    {
     "name": "Richlands HS",
     "xid": "qa85ly46"
    },
    {
     "name": "Rural Retreat HS",
     "xid": "ju48np35"
    },
    {
     "name": "Tazewell HS",
     "xid": "xe61yv35"
    }
   ]
  },
  {
   "name": "Northern Virginia Region",
   "xid": "gh28fj82",
   "schools": [
    {
     "name": "Annandale HS",
     "xid": "ji12sw67"
    },
    {
     "name": "Centreville HS",
     "xid": "ns63dn56"
    },
    {
     "name": "Chantilly HS",
     "xid": "of30ba31"
    },
    {
     "name": "Edison HS",
     "xid": "nc18mw51"
    },
    {
     "name": "Fairfax HS",
     "xid": "lb72he56"
    },
    {
     "name": "Falls Church HS",
     "xid": "bf41us86"
    },
    {
     "name": "George C Marshall HS",
     "xid": "sy32uy36"
    },
    {
     "name": "Hayfield Secondary",
     "xid": "sz57og20"
    },
    {
     "name": "Herndon HS",
     "xid": "ac83qp41"
    },
    {
     "name": "James Madison HS",
     "xid": "up72gb78"
    },
    {
     "name": "James W Robinson Jr Secondary",
     "xid": "hj94ts37"
    },
    {
     "name": "Lake Braddock Secondary School",
     "xid": "mc14hs30"
    },
    {
     "name": "Mount Vernon HS",
     "xid": "up28xf52"
    },
    {
     "name": "Oakton HS",
     "xid": "me92ef75"
    },
    {
     "name": "Robert E Lee HS",
     "xid": "et89mu65",
     "town": "Springfield"
    },
    {
     "name": "South County Secondary",
     "xid": "mq73pi93"
    },
    {
     "name": "South Lakes HS",
     "xid": "ih01sh43"
    },
    {
     "name": "T C Williams HS",
     "xid": "kp57kd89"
    },
    {
     "name": "W T Woodson HS",
     "xid": "tz15pz41"
    },
    {
     "name": "Westfield HS",
     "xid": "ai37ci74"
    },
    {
     "name": "Yorktown Senior HS",
     "xid": "pj14sa95",
     "town": "Arlington"
    }
   ]
  },
  {
   "name": "Shenandoah Region",
   "xid": "tr45xl79",
   "schools": [
    {
     "name": "Briar Woods HS",
     "xid": "jb47pt61"
    },
    {
     "name": "Broad Run HS",
     "xid": "mr39du29"
    },
    {
     "name": "Fort Defiance HS",
     "xid": "ut01mq06"
    },
    {
     "name": "Freedom HS",
     "xid": "op47hb25",
     "town": "South Riding"
    },
    {
     "name": "Heritage HS",
     "xid": "wx13pd83",
     "town": "Leesburg"
    },
    {
     "name": "James Wood HS",
     "xid": "bx78hb79"
    },
    {
     "name": "John Handley HS",
     "xid": "bf36sw52"
    },
    {
     "name": "Loudoun County HS",
     "xid": "xh92zp42"
    },
    {
     "name": "Millbrook HS",
     "xid": "qd42nw52"
    },
    {
     "name": "Page County HS",
     "xid": "kg21fm15"
    },
    {
     "name": "Riverside HS",
     "xid": "pf90cy54"
    },
    {
     "name": "Robert E Lee HS",
     "xid": "iv84ra23",
     "town": "Staunton"
    },
    {
     "name": "Rock Ridge HS",
     "xid": "bs57vj42"
    },
    {
     "name": "Sherando HS",
     "xid": "zx97wy05"
    },
    {
     "name": "Skyline HS",
     "xid": "lv75vr03"
    },
    {
     "name": "Spotswood HS",
     "xid": "pq46zp64"
    },
    {
     "name": "Turner Ashby HS",
     "xid": "hi67oi82"
    },
    {
     "name": "William Monroe HS",
     "xid": "nl74sq58"
    }
   ]
  },
  {
   "name": "Tidewater Region",
   "xid": "md68od60",
   "schools": [
    {
     "name": "Advanced Technology Center",
     "xid": "vo17bu92"
    },
    {
     "name": "Arcadia HS",
     "xid": "rj94ja26"
    },
    {
     "name": "B T Washington HS",
     "xid": "su03if16"
    },
    {
     "name": "Bayside HS",
     "xid": "sh72mo16"
    },
    {
     "name": "Deep Creek HS",
     "xid": "hl42io98"
    },
    {
     "name": "First Colonial HS",
     "xid": "qs63ko14"
    },
    {
     "name": "Floyd E Kellam HS",
     "xid": "si45oj35"
    },
    {
     "name": "Frank Cox HS",
     "xid": "pd56vb69"
    },
    {
     "name": "Franklin HS",
     "xid": "mk87kq65"
    },
    {
     "name": "Granby HS",
     "xid": "ol64wo20"
    },
    {
     "name": "Great Bridge HS",
     "xid": "gz86ke35"
    },
    {
     "name": "Indian River HS",
     "xid": "ka35ul06"
    },
    {
     "name": "Kempsville HS",
     "xid": "uc98ez15"
    },
    {
     "name": "King's Fork HS",
     "xid": "wl84on60"
    },
    {
     "name": "Landstown HS",
     "xid": "nf89xc53"
    },
    {
     "name": "Nandua HS",
     "xid": "ow08nq69"
    },
    {
     "name": "Nansemond River HS",
     "xid": "xc42lg03"
    },
    {
     "name": "Norfolk Christian HS",
     "xid": "ij69eq07"
    },
    {
     "name": "Norfolk Technical Vocational Center",
     "xid": "gb02oe48"
    },
    {
     "name": "Princess Anne HS",
     "xid": "eu07ix17"
    },
    {
     "name": "Tallwood HS",
     "xid": "up43nq02"
    },
    {
     "name": "Virginia Beach Technical and Career Education Center",
     "xid": "zu76fp76"
    },
    {
     "name": "Western Branch HS",
     "xid": "we80at32"
    }
   ]
  },
  {
   "name": "Tri-Cities Region",
   "xid": "ks84bk67",
   "schools": [
    {
     "name": "Chesterfield TC",
     "xid": "yc53fj26"
    },
    {
     "name": "Colonial Heights HS",
     "xid": "kz31tb81"
    },
    {
     "name": "Dinwiddie Senior HS",
     "xid": "nk67gd29"
    },
    {
     "name": "Hopewell HS",
     "xid": "ar21aq23"
    },
    {
     "name": "James River HS",
     "xid": "hx21fy43"
    },
    {
     "name": "Midlothian HS",
     "xid": "qa30kx78"
    },
    {
     "name": "Prince George HS",
     "xid": "ne64qj14"
    },
    {
     "name": "Surry County HS",
     "xid": "zm02gu28"
    }
   ]
  },
  {
   "name": "UVA’s College at Wise Region",
   "xid": "ls46jq40",
   "schools": [
    {
     "name": "Castlewood HS",
     "xid": "yb68wk03"
    },
    {
     "name": "Central HS",
     "xid": "lq69ti89",
     "town": "Norton"
    },
    {
     "name": "Council HS",
     "xid": "rx78oc83"
    },
    {
     "name": "Eastside HS",
     "xid": "cz54ri14"
    },
    {
     "name": "Grundy HS",
     "xid": "wk23uh40"
    },
    {
     "name": "Honaker HS",
     "xid": "mx42om23"
    },
    {
     "name": "Hurley HS",
     "xid": "jr65zf06"
    },
    {
     "name": "Lebanon HS",
     "xid": "oe48pj19"
    },
    {
     "name": "Lee County Vocational Technical Center",
     "xid": "sd48ow38"
    },
    {
     "name": "Ridgeview HS",
     "xid": "cz01pa37"
    },
    {
     "name": "Thomas Walker HS",
     "xid": "rw30dp73"
    },
    {
     "name": "Twin Valley HS",
     "xid": "kx92if40"
    },
    {
     "name": "Union HS",
     "xid": "bq54ec90"
    },
    {
     "name": "Virginia HS",
     "xid": "qo69lr79"
    }
   ]
  }
 ]
}